allele	seq_num	start	end	peptide_length	core	peptide	score	percentile	adjusted_percentile
HLA-DRB1*01:01	1	1	15	15	FVFLVLLPL	MFVFLVLLPLVSSQC	2.6	0.97	0.97
HLA-DRB1*01:01	1	2	16	15	FVFLVLLPL	FVFLVLLPLVSSQCV	2.6	0.97	0.97
HLA-DRB1*01:01	1	3	17	15	FLVLLPLVS	VFLVLLPLVSSQCVN	2.1999999999999997	1.8	1.80
HLA-DRB1*01:01	1	4	18	15	FLVLLPLVS	FLVLLPLVSSQCVNL	2.1999999999999997	1.8	1.80
HLA-DRB1*01:01	1	5	19	15	LVSSQCVNL	LVLLPLVSSQCVNLT	1.8	3.3	3.30
HLA-DRB1*01:01	1	6	20	15	LVSSQCVNL	VLLPLVSSQCVNLTT	1.8	3.3	3.30
HLA-DRB1*01:01	1	7	21	15	LVSSQCVNL	LLPLVSSQCVNLTTR	1.8	3.3	3.30
HLA-DRB1*01:01	1	8	22	15	LVSSQCVNL	LPLVSSQCVNLTTRT	1.8	3.3	3.30
HLA-DRB1*01:01	1	9	23	15	LVSSQCVNL	PLVSSQCVNLTTRTQ	1.8	3.3	3.30
HLA-DRB1*01:01	1	10	24	15	LVSSQCVNL	LVSSQCVNLTTRTQL	1.8	3.3	3.30
HLA-DRB1*01:01	1	11	25	15	VNLTTRTQL	VSSQCVNLTTRTQLP	-1.41	48.0	48.00
HLA-DRB1*01:01	1	12	26	15	VNLTTRTQL	SSQCVNLTTRTQLPP	-1.41	48.0	48.00
HLA-DRB1*01:01	1	13	27	15	VNLTTRTQL	SQCVNLTTRTQLPPA	-1.41	48.0	48.00
HLA-DRB1*01:01	1	14	28	15	VNLTTRTQL	QCVNLTTRTQLPPAY	-1.41	48.0	48.00
HLA-DRB1*01:01	1	15	29	15	VNLTTRTQL	CVNLTTRTQLPPAYT	-1.41	48.0	48.00
HLA-DRB1*01:01	1	16	30	15	VNLTTRTQL	VNLTTRTQLPPAYTN	-1.41	48.0	48.00
HLA-DRB1*01:01	1	17	31	15	LTTRTQLPP	NLTTRTQLPPAYTNS	-5.700000000000001	93.0	93.00
HLA-DRB1*01:01	1	18	32	15	LPPAYTNSF	LTTRTQLPPAYTNSF	-2.6999999999999997	70.0	70.00
HLA-DRB1*01:01	1	19	33	15	LPPAYTNSF	TTRTQLPPAYTNSFT	-2.6999999999999997	70.0	70.00
HLA-DRB1*01:01	1	20	34	15	LPPAYTNSF	TRTQLPPAYTNSFTR	-2.6999999999999997	70.0	70.00
HLA-DRB1*01:01	1	21	35	15	LPPAYTNSF	RTQLPPAYTNSFTRG	-2.6999999999999997	70.0	70.00
HLA-DRB1*01:01	1	22	36	15	YTNSFTRGV	TQLPPAYTNSFTRGV	-1.0099999999999998	40.0	40.00
HLA-DRB1*01:01	1	23	37	15	YTNSFTRGV	QLPPAYTNSFTRGVY	-1.0099999999999998	40.0	40.00
HLA-DRB1*01:01	1	24	38	15	YTNSFTRGV	LPPAYTNSFTRGVYY	-1.0099999999999998	40.0	40.00
HLA-DRB1*01:01	1	25	39	15	YTNSFTRGV	PPAYTNSFTRGVYYP	-1.0099999999999998	40.0	40.00
HLA-DRB1*01:01	1	26	40	15	YTNSFTRGV	PAYTNSFTRGVYYPD	-1.0099999999999998	40.0	40.00
HLA-DRB1*01:01	1	27	41	15	YTNSFTRGV	AYTNSFTRGVYYPDK	-1.0099999999999998	40.0	40.00
HLA-DRB1*01:01	1	28	42	15	YTNSFTRGV	YTNSFTRGVYYPDKV	-1.0099999999999998	40.0	40.00
HLA-DRB1*01:01	1	29	43	15	FTRGVYYPD	TNSFTRGVYYPDKVF	-3.4	79.0	79.00
HLA-DRB1*01:01	1	30	44	15	FTRGVYYPD	NSFTRGVYYPDKVFR	-3.4	79.0	79.00
HLA-DRB1*01:01	1	31	45	15	YYPDKVFRS	SFTRGVYYPDKVFRS	-2.3	64.0	64.00
HLA-DRB1*01:01	1	32	46	15	YYPDKVFRS	FTRGVYYPDKVFRSS	-2.3	64.0	64.00
HLA-DRB1*01:01	1	33	47	15	YYPDKVFRS	TRGVYYPDKVFRSSV	-2.3	64.0	64.00
HLA-DRB1*01:01	1	34	48	15	YYPDKVFRS	RGVYYPDKVFRSSVL	-2.3	64.0	64.00
HLA-DRB1*01:01	1	35	49	15	YYPDKVFRS	GVYYPDKVFRSSVLH	-2.3	64.0	64.00
HLA-DRB1*01:01	1	36	50	15	VFRSSVLHS	VYYPDKVFRSSVLHS	-1.3	46.0	46.00
HLA-DRB1*01:01	1	37	51	15	FRSSVLHST	YYPDKVFRSSVLHST	-0.3999999999999996	27.0	27.00
HLA-DRB1*01:01	1	38	52	15	FRSSVLHST	YPDKVFRSSVLHSTQ	-0.3999999999999996	27.0	27.00
HLA-DRB1*01:01	1	39	53	15	FRSSVLHST	PDKVFRSSVLHSTQD	-0.3999999999999996	27.0	27.00
HLA-DRB1*01:01	1	40	54	15	FRSSVLHST	DKVFRSSVLHSTQDL	-0.3999999999999996	27.0	27.00
HLA-DRB1*01:01	1	41	55	15	FRSSVLHST	KVFRSSVLHSTQDLF	-0.3999999999999996	27.0	27.00
HLA-DRB1*01:01	1	42	56	15	FRSSVLHST	VFRSSVLHSTQDLFL	-0.3999999999999996	27.0	27.00
HLA-DRB1*01:01	1	43	57	15	FRSSVLHST	FRSSVLHSTQDLFLP	-0.3999999999999996	27.0	27.00
HLA-DRB1*01:01	1	44	58	15	LHSTQDLFL	RSSVLHSTQDLFLPF	-2.9000000000000004	73.0	73.00
HLA-DRB1*01:01	1	45	59	15	LHSTQDLFL	SSVLHSTQDLFLPFF	-2.9000000000000004	73.0	73.00
HLA-DRB1*01:01	1	46	60	15	LHSTQDLFL	SVLHSTQDLFLPFFS	-2.9000000000000004	73.0	73.00
HLA-DRB1*01:01	1	47	61	15	LHSTQDLFL	VLHSTQDLFLPFFSN	-2.9000000000000004	73.0	73.00
HLA-DRB1*01:01	1	48	62	15	LHSTQDLFL	LHSTQDLFLPFFSNV	-2.9000000000000004	73.0	73.00
HLA-DRB1*01:01	1	49	63	15	FLPFFSNVT	HSTQDLFLPFFSNVT	0.6800000000000002	12.0	12.00
HLA-DRB1*01:01	1	50	64	15	FLPFFSNVT	STQDLFLPFFSNVTW	0.6800000000000002	12.0	12.00
HLA-DRB1*01:01	1	51	65	15	FLPFFSNVT	TQDLFLPFFSNVTWF	0.6800000000000002	12.0	12.00
HLA-DRB1*01:01	1	52	66	15	FLPFFSNVT	QDLFLPFFSNVTWFH	0.6800000000000002	12.0	12.00
HLA-DRB1*01:01	1	53	67	15	FLPFFSNVT	DLFLPFFSNVTWFHA	0.6800000000000002	12.0	12.00
HLA-DRB1*01:01	1	54	68	15	FLPFFSNVT	LFLPFFSNVTWFHAI	0.6800000000000002	12.0	12.00
HLA-DRB1*01:01	1	55	69	15	FLPFFSNVT	FLPFFSNVTWFHAIH	0.6800000000000002	12.0	12.00
HLA-DRB1*01:01	1	56	70	15	VTWFHAIHV	LPFFSNVTWFHAIHV	-0.020000000000000073	22.0	22.00
HLA-DRB1*01:01	1	57	71	15	VTWFHAIHV	PFFSNVTWFHAIHVS	-0.020000000000000073	22.0	22.00
HLA-DRB1*01:01	1	58	72	15	VTWFHAIHV	FFSNVTWFHAIHVSG	-0.020000000000000073	22.0	22.00
HLA-DRB1*01:01	1	59	73	15	VTWFHAIHV	FSNVTWFHAIHVSGT	-0.020000000000000073	22.0	22.00
HLA-DRB1*01:01	1	60	74	15	VTWFHAIHV	SNVTWFHAIHVSGTN	-0.020000000000000073	22.0	22.00
HLA-DRB1*01:01	1	61	75	15	VTWFHAIHV	NVTWFHAIHVSGTNG	-0.020000000000000073	22.0	22.00
HLA-DRB1*01:01	1	62	76	15	VTWFHAIHV	VTWFHAIHVSGTNGT	-0.020000000000000073	22.0	22.00
HLA-DRB1*01:01	1	63	77	15	FHAIHVSGT	TWFHAIHVSGTNGTK	-0.20000000000000007	25.0	25.00
HLA-DRB1*01:01	1	64	78	15	FHAIHVSGT	WFHAIHVSGTNGTKR	-0.20000000000000007	25.0	25.00
HLA-DRB1*01:01	1	65	79	15	FHAIHVSGT	FHAIHVSGTNGTKRF	-0.20000000000000007	25.0	25.00
HLA-DRB1*01:01	1	66	80	15	IHVSGTNGT	HAIHVSGTNGTKRFD	-1.6999999999999997	53.0	53.00
HLA-DRB1*01:01	1	67	81	15	IHVSGTNGT	AIHVSGTNGTKRFDN	-1.6999999999999997	53.0	53.00
HLA-DRB1*01:01	1	68	82	15	IHVSGTNGT	IHVSGTNGTKRFDNP	-1.6999999999999997	53.0	53.00
HLA-DRB1*01:01	1	69	83	15	VSGTNGTKR	HVSGTNGTKRFDNPV	-3.31	78.0	78.00
HLA-DRB1*01:01	1	70	84	15	VSGTNGTKR	VSGTNGTKRFDNPVL	-3.31	78.0	78.00
HLA-DRB1*01:01	1	71	85	15	SGTNGTKRF	SGTNGTKRFDNPVLP	-12.5	100.0	100.00
HLA-DRB1*01:01	1	72	86	15	GTNGTKRFD	GTNGTKRFDNPVLPF	-12.5	100.0	100.00
HLA-DRB1*01:01	1	73	87	15	FDNPVLPFN	TNGTKRFDNPVLPFN	-5.83	93.0	93.00
HLA-DRB1*01:01	1	74	88	15	FDNPVLPFN	NGTKRFDNPVLPFND	-5.83	93.0	93.00
HLA-DRB1*01:01	1	75	89	15	FDNPVLPFN	GTKRFDNPVLPFNDG	-5.83	93.0	93.00
HLA-DRB1*01:01	1	76	90	15	FDNPVLPFN	TKRFDNPVLPFNDGV	-5.83	93.0	93.00
HLA-DRB1*01:01	1	77	91	15	VLPFNDGVY	KRFDNPVLPFNDGVY	-4.32	87.0	87.00
HLA-DRB1*01:01	1	78	92	15	LPFNDGVYF	RFDNPVLPFNDGVYF	-0.66	33.0	33.00
HLA-DRB1*01:01	1	79	93	15	LPFNDGVYF	FDNPVLPFNDGVYFA	-0.66	33.0	33.00
HLA-DRB1*01:01	1	80	94	15	LPFNDGVYF	DNPVLPFNDGVYFAS	-0.66	33.0	33.00
HLA-DRB1*01:01	1	81	95	15	LPFNDGVYF	NPVLPFNDGVYFAST	-0.66	33.0	33.00
HLA-DRB1*01:01	1	82	96	15	LPFNDGVYF	PVLPFNDGVYFASTE	-0.66	33.0	33.00
HLA-DRB1*01:01	1	83	97	15	LPFNDGVYF	VLPFNDGVYFASTEK	-0.66	33.0	33.00
HLA-DRB1*01:01	1	84	98	15	LPFNDGVYF	LPFNDGVYFASTEKS	-0.66	33.0	33.00
HLA-DRB1*01:01	1	85	99	15	VYFASTEKS	PFNDGVYFASTEKSN	-1.4	47.0	47.00
HLA-DRB1*01:01	1	86	100	15	VYFASTEKS	FNDGVYFASTEKSNI	-1.4	47.0	47.00
HLA-DRB1*01:01	1	87	101	15	VYFASTEKS	NDGVYFASTEKSNII	-1.4	47.0	47.00
HLA-DRB1*01:01	1	88	102	15	VYFASTEKS	DGVYFASTEKSNIIR	-1.4	47.0	47.00
HLA-DRB1*01:01	1	89	103	15	VYFASTEKS	GVYFASTEKSNIIRG	-1.4	47.0	47.00
HLA-DRB1*01:01	1	90	104	15	VYFASTEKS	VYFASTEKSNIIRGW	-1.4	47.0	47.00
HLA-DRB1*01:01	1	91	105	15	FASTEKSNI	YFASTEKSNIIRGWI	-2.3	64.0	64.00
HLA-DRB1*01:01	1	92	106	15	FASTEKSNI	FASTEKSNIIRGWIF	-2.3	64.0	64.00
HLA-DRB1*01:01	1	93	107	15	ASTEKSNII	ASTEKSNIIRGWIFG	-12.5	100.0	100.00
HLA-DRB1*01:01	1	94	108	15	IIRGWIFGT	STEKSNIIRGWIFGT	-1.6999999999999997	53.0	53.00
HLA-DRB1*01:01	1	95	109	15	IIRGWIFGT	TEKSNIIRGWIFGTT	-1.6999999999999997	53.0	53.00
HLA-DRB1*01:01	1	96	110	15	IIRGWIFGT	EKSNIIRGWIFGTTL	-1.6999999999999997	53.0	53.00
HLA-DRB1*01:01	1	97	111	15	IIRGWIFGT	KSNIIRGWIFGTTLD	-1.6999999999999997	53.0	53.00
HLA-DRB1*01:01	1	98	112	15	WIFGTTLDS	SNIIRGWIFGTTLDS	2.220446049250313e-16	21.0	21.00
HLA-DRB1*01:01	1	99	113	15	WIFGTTLDS	NIIRGWIFGTTLDSK	2.220446049250313e-16	21.0	21.00
HLA-DRB1*01:01	1	100	114	15	WIFGTTLDS	IIRGWIFGTTLDSKT	2.220446049250313e-16	21.0	21.00
HLA-DRB1*01:01	1	101	115	15	WIFGTTLDS	IRGWIFGTTLDSKTQ	2.220446049250313e-16	21.0	21.00
HLA-DRB1*01:01	1	102	116	15	WIFGTTLDS	RGWIFGTTLDSKTQS	2.220446049250313e-16	21.0	21.00
HLA-DRB1*01:01	1	103	117	15	WIFGTTLDS	GWIFGTTLDSKTQSL	2.220446049250313e-16	21.0	21.00
HLA-DRB1*01:01	1	104	118	15	WIFGTTLDS	WIFGTTLDSKTQSLL	2.220446049250313e-16	21.0	21.00
HLA-DRB1*01:01	1	105	119	15	FGTTLDSKT	IFGTTLDSKTQSLLI	-3.6000000000000005	81.0	81.00
HLA-DRB1*01:01	1	106	120	15	FGTTLDSKT	FGTTLDSKTQSLLIV	-3.6000000000000005	81.0	81.00
HLA-DRB1*01:01	1	107	121	15	LDSKTQSLL	GTTLDSKTQSLLIVN	-5.699999999999999	92.0	92.00
HLA-DRB1*01:01	1	108	122	15	LDSKTQSLL	TTLDSKTQSLLIVNN	-5.699999999999999	92.0	92.00
HLA-DRB1*01:01	1	109	123	15	LDSKTQSLL	TLDSKTQSLLIVNNA	-5.699999999999999	92.0	92.00
HLA-DRB1*01:01	1	110	124	15	LDSKTQSLL	LDSKTQSLLIVNNAT	-5.699999999999999	92.0	92.00
HLA-DRB1*01:01	1	111	125	15	LLIVNNATN	DSKTQSLLIVNNATN	-0.8500000000000001	36.0	36.00
HLA-DRB1*01:01	1	112	126	15	LIVNNATNV	SKTQSLLIVNNATNV	1.03	8.2	8.20
HLA-DRB1*01:01	1	113	127	15	LIVNNATNV	KTQSLLIVNNATNVV	1.03	8.2	8.20
HLA-DRB1*01:01	1	114	128	15	LIVNNATNV	TQSLLIVNNATNVVI	1.03	8.2	8.20
HLA-DRB1*01:01	1	115	129	15	LIVNNATNV	QSLLIVNNATNVVIK	1.03	8.2	8.20
HLA-DRB1*01:01	1	116	130	15	LIVNNATNV	SLLIVNNATNVVIKV	1.03	8.2	8.20
HLA-DRB1*01:01	1	117	131	15	LIVNNATNV	LLIVNNATNVVIKVC	1.03	8.2	8.20
HLA-DRB1*01:01	1	118	132	15	LIVNNATNV	LIVNNATNVVIKVCE	1.03	8.2	8.20
HLA-DRB1*01:01	1	119	133	15	IVNNATNVV	IVNNATNVVIKVCEF	0.8400000000000001	10.0	10.00
HLA-DRB1*01:01	1	120	134	15	VNNATNVVI	VNNATNVVIKVCEFQ	0.5999999999999999	13.0	13.00
HLA-DRB1*01:01	1	121	135	15	VVIKVCEFQ	NNATNVVIKVCEFQF	-1.7000000000000002	54.0	54.00
HLA-DRB1*01:01	1	122	136	15	IKVCEFQFC	NATNVVIKVCEFQFC	-1.3	46.0	46.00
HLA-DRB1*01:01	1	123	137	15	IKVCEFQFC	ATNVVIKVCEFQFCN	-1.3	46.0	46.00
HLA-DRB1*01:01	1	124	138	15	IKVCEFQFC	TNVVIKVCEFQFCND	-1.3	46.0	46.00
HLA-DRB1*01:01	1	125	139	15	IKVCEFQFC	NVVIKVCEFQFCNDP	-1.3	46.0	46.00
HLA-DRB1*01:01	1	126	140	15	IKVCEFQFC	VVIKVCEFQFCNDPF	-1.3	46.0	46.00
HLA-DRB1*01:01	1	127	141	15	FQFCNDPFL	VIKVCEFQFCNDPFL	-0.13000000000000012	24.0	24.00
HLA-DRB1*01:01	1	128	142	15	FQFCNDPFL	IKVCEFQFCNDPFLG	-0.13000000000000012	24.0	24.00
HLA-DRB1*01:01	1	129	143	15	FQFCNDPFL	KVCEFQFCNDPFLGV	-0.13000000000000012	24.0	24.00
HLA-DRB1*01:01	1	130	144	15	FQFCNDPFL	VCEFQFCNDPFLGVY	-0.13000000000000012	24.0	24.00
HLA-DRB1*01:01	1	131	145	15	FQFCNDPFL	CEFQFCNDPFLGVYY	-0.13000000000000012	24.0	24.00
HLA-DRB1*01:01	1	132	146	15	FQFCNDPFL	EFQFCNDPFLGVYYH	-0.13000000000000012	24.0	24.00
HLA-DRB1*01:01	1	133	147	15	FQFCNDPFL	FQFCNDPFLGVYYHK	-0.13000000000000012	24.0	24.00
HLA-DRB1*01:01	1	134	148	15	FLGVYYHKN	QFCNDPFLGVYYHKN	-1.9500000000000002	58.0	58.00
HLA-DRB1*01:01	1	135	149	15	FLGVYYHKN	FCNDPFLGVYYHKNN	-1.9500000000000002	58.0	58.00
HLA-DRB1*01:01	1	136	150	15	FLGVYYHKN	CNDPFLGVYYHKNNK	-1.9500000000000002	58.0	58.00
HLA-DRB1*01:01	1	137	151	15	VYYHKNNKS	NDPFLGVYYHKNNKS	-1.3	46.0	46.00
HLA-DRB1*01:01	1	138	152	15	VYYHKNNKS	DPFLGVYYHKNNKSW	-1.3	46.0	46.00
HLA-DRB1*01:01	1	139	153	15	YHKNNKSWM	PFLGVYYHKNNKSWM	-1.2799999999999998	44.0	44.00
HLA-DRB1*01:01	1	140	154	15	YHKNNKSWM	FLGVYYHKNNKSWME	-1.2799999999999998	44.0	44.00
HLA-DRB1*01:01	1	141	155	15	YHKNNKSWM	LGVYYHKNNKSWMES	-1.2799999999999998	44.0	44.00
HLA-DRB1*01:01	1	142	156	15	YHKNNKSWM	GVYYHKNNKSWMESE	-1.2799999999999998	44.0	44.00
HLA-DRB1*01:01	1	143	157	15	YHKNNKSWM	VYYHKNNKSWMESEF	-1.2799999999999998	44.0	44.00
HLA-DRB1*01:01	1	144	158	15	YHKNNKSWM	YYHKNNKSWMESEFR	-1.2799999999999998	44.0	44.00
HLA-DRB1*01:01	1	145	159	15	YHKNNKSWM	YHKNNKSWMESEFRV	-1.2799999999999998	44.0	44.00
HLA-DRB1*01:01	1	146	160	15	WMESEFRVY	HKNNKSWMESEFRVY	-3.71	82.0	82.00
HLA-DRB1*01:01	1	147	161	15	MESEFRVYS	KNNKSWMESEFRVYS	-2.5	67.0	67.00
HLA-DRB1*01:01	1	148	162	15	MESEFRVYS	NNKSWMESEFRVYSS	-2.5	67.0	67.00
HLA-DRB1*01:01	1	149	163	15	MESEFRVYS	NKSWMESEFRVYSSA	-2.5	67.0	67.00
HLA-DRB1*01:01	1	150	164	15	MESEFRVYS	KSWMESEFRVYSSAN	-2.5	67.0	67.00
HLA-DRB1*01:01	1	151	165	15	FRVYSSANN	SWMESEFRVYSSANN	-0.19999999999999996	25.0	25.00
HLA-DRB1*01:01	1	152	166	15	FRVYSSANN	WMESEFRVYSSANNC	-0.19999999999999996	25.0	25.00
HLA-DRB1*01:01	1	153	167	15	FRVYSSANN	MESEFRVYSSANNCT	-0.19999999999999996	25.0	25.00
HLA-DRB1*01:01	1	154	168	15	FRVYSSANN	ESEFRVYSSANNCTF	-0.19999999999999996	25.0	25.00
HLA-DRB1*01:01	1	155	169	15	FRVYSSANN	SEFRVYSSANNCTFE	-0.19999999999999996	25.0	25.00
HLA-DRB1*01:01	1	156	170	15	FRVYSSANN	EFRVYSSANNCTFEY	-0.19999999999999996	25.0	25.00
HLA-DRB1*01:01	1	157	171	15	FRVYSSANN	FRVYSSANNCTFEYV	-0.19999999999999996	25.0	25.00
HLA-DRB1*01:01	1	158	172	15	YSSANNCTF	RVYSSANNCTFEYVS	-1.6	52.0	52.00
HLA-DRB1*01:01	1	159	173	15	YSSANNCTF	VYSSANNCTFEYVSQ	-1.6	52.0	52.00
HLA-DRB1*01:01	1	160	174	15	YSSANNCTF	YSSANNCTFEYVSQP	-1.6	52.0	52.00
HLA-DRB1*01:01	1	161	175	15	SSANNCTFE	SSANNCTFEYVSQPF	-12.5	100.0	100.00
HLA-DRB1*01:01	1	162	176	15	FEYVSQPFL	SANNCTFEYVSQPFL	-0.3800000000000001	27.0	27.00
HLA-DRB1*01:01	1	163	177	15	FEYVSQPFL	ANNCTFEYVSQPFLM	-0.3800000000000001	27.0	27.00
HLA-DRB1*01:01	1	164	178	15	FEYVSQPFL	NNCTFEYVSQPFLMD	-0.3800000000000001	27.0	27.00
HLA-DRB1*01:01	1	165	179	15	FEYVSQPFL	NCTFEYVSQPFLMDL	-0.3800000000000001	27.0	27.00
HLA-DRB1*01:01	1	166	180	15	FEYVSQPFL	CTFEYVSQPFLMDLE	-0.3800000000000001	27.0	27.00
HLA-DRB1*01:01	1	167	181	15	FEYVSQPFL	TFEYVSQPFLMDLEG	-0.3800000000000001	27.0	27.00
HLA-DRB1*01:01	1	168	182	15	FEYVSQPFL	FEYVSQPFLMDLEGK	-0.3800000000000001	27.0	27.00
HLA-DRB1*01:01	1	169	183	15	YVSQPFLMD	EYVSQPFLMDLEGKQ	-1.2999999999999996	45.0	45.00
HLA-DRB1*01:01	1	170	184	15	YVSQPFLMD	YVSQPFLMDLEGKQG	-1.2999999999999996	45.0	45.00
HLA-DRB1*01:01	1	171	185	15	LMDLEGKQG	VSQPFLMDLEGKQGN	-1.5999999999999999	51.0	51.00
HLA-DRB1*01:01	1	172	186	15	LMDLEGKQG	SQPFLMDLEGKQGNF	-1.5999999999999999	51.0	51.00
HLA-DRB1*01:01	1	173	187	15	LMDLEGKQG	QPFLMDLEGKQGNFK	-1.5999999999999999	51.0	51.00
HLA-DRB1*01:01	1	174	188	15	LMDLEGKQG	PFLMDLEGKQGNFKN	-1.5999999999999999	51.0	51.00
HLA-DRB1*01:01	1	175	189	15	LMDLEGKQG	FLMDLEGKQGNFKNL	-1.5999999999999999	51.0	51.00
HLA-DRB1*01:01	1	176	190	15	LMDLEGKQG	LMDLEGKQGNFKNLR	-1.5999999999999999	51.0	51.00
HLA-DRB1*01:01	1	177	191	15	MDLEGKQGN	MDLEGKQGNFKNLRE	-4.699999999999999	89.0	89.00
HLA-DRB1*01:01	1	178	192	15	LEGKQGNFK	DLEGKQGNFKNLREF	-4.699999999999999	89.0	89.00
HLA-DRB1*01:01	1	179	193	15	LEGKQGNFK	LEGKQGNFKNLREFV	-4.699999999999999	89.0	89.00
HLA-DRB1*01:01	1	180	194	15	FKNLREFVF	EGKQGNFKNLREFVF	5.551115123125783e-17	21.0	21.00
HLA-DRB1*01:01	1	181	195	15	FKNLREFVF	GKQGNFKNLREFVFK	5.551115123125783e-17	21.0	21.00
HLA-DRB1*01:01	1	182	196	15	FKNLREFVF	KQGNFKNLREFVFKN	5.551115123125783e-17	21.0	21.00
HLA-DRB1*01:01	1	183	197	15	FKNLREFVF	QGNFKNLREFVFKNI	5.551115123125783e-17	21.0	21.00
HLA-DRB1*01:01	1	184	198	15	FKNLREFVF	GNFKNLREFVFKNID	5.551115123125783e-17	21.0	21.00
HLA-DRB1*01:01	1	185	199	15	FKNLREFVF	NFKNLREFVFKNIDG	5.551115123125783e-17	21.0	21.00
HLA-DRB1*01:01	1	186	200	15	FKNLREFVF	FKNLREFVFKNIDGY	5.551115123125783e-17	21.0	21.00
HLA-DRB1*01:01	1	187	201	15	LREFVFKNI	KNLREFVFKNIDGYF	-1.5200000000000002	50.0	50.00
HLA-DRB1*01:01	1	188	202	15	FKNIDGYFK	NLREFVFKNIDGYFK	0.5999999999999999	13.0	13.00
HLA-DRB1*01:01	1	189	203	15	FKNIDGYFK	LREFVFKNIDGYFKI	0.5999999999999999	13.0	13.00
HLA-DRB1*01:01	1	190	204	15	FKNIDGYFK	REFVFKNIDGYFKIY	0.5999999999999999	13.0	13.00
HLA-DRB1*01:01	1	191	205	15	FKNIDGYFK	EFVFKNIDGYFKIYS	0.5999999999999999	13.0	13.00
HLA-DRB1*01:01	1	192	206	15	FKNIDGYFK	FVFKNIDGYFKIYSK	0.5999999999999999	13.0	13.00
HLA-DRB1*01:01	1	193	207	15	FKNIDGYFK	VFKNIDGYFKIYSKH	0.5999999999999999	13.0	13.00
HLA-DRB1*01:01	1	194	208	15	FKNIDGYFK	FKNIDGYFKIYSKHT	0.5999999999999999	13.0	13.00
HLA-DRB1*01:01	1	195	209	15	YFKIYSKHT	KNIDGYFKIYSKHTP	0.3	17.0	17.00
HLA-DRB1*01:01	1	196	210	15	YFKIYSKHT	NIDGYFKIYSKHTPI	0.3	17.0	17.00
HLA-DRB1*01:01	1	197	211	15	YFKIYSKHT	IDGYFKIYSKHTPIN	0.3	17.0	17.00
HLA-DRB1*01:01	1	198	212	15	YFKIYSKHT	DGYFKIYSKHTPINL	0.3	17.0	17.00
HLA-DRB1*01:01	1	199	213	15	YFKIYSKHT	GYFKIYSKHTPINLV	0.3	17.0	17.00
HLA-DRB1*01:01	1	200	214	15	YFKIYSKHT	YFKIYSKHTPINLVR	0.3	17.0	17.00
HLA-DRB1*01:01	1	201	215	15	YSKHTPINL	FKIYSKHTPINLVRD	-0.09999999999999998	23.0	23.00
HLA-DRB1*01:01	1	202	216	15	YSKHTPINL	KIYSKHTPINLVRDL	-0.09999999999999998	23.0	23.00
HLA-DRB1*01:01	1	203	217	15	YSKHTPINL	IYSKHTPINLVRDLP	-0.09999999999999998	23.0	23.00
HLA-DRB1*01:01	1	204	218	15	YSKHTPINL	YSKHTPINLVRDLPQ	-0.09999999999999998	23.0	23.00
HLA-DRB1*01:01	1	205	219	15	INLVRDLPQ	SKHTPINLVRDLPQG	-3.25	77.0	77.00
HLA-DRB1*01:01	1	206	220	15	LVRDLPQGF	KHTPINLVRDLPQGF	-0.9999999999999999	39.0	39.00
HLA-DRB1*01:01	1	207	221	15	LVRDLPQGF	HTPINLVRDLPQGFS	-0.9999999999999999	39.0	39.00
HLA-DRB1*01:01	1	208	222	15	LVRDLPQGF	TPINLVRDLPQGFSA	-0.9999999999999999	39.0	39.00
HLA-DRB1*01:01	1	209	223	15	LVRDLPQGF	PINLVRDLPQGFSAL	-0.9999999999999999	39.0	39.00
HLA-DRB1*01:01	1	210	224	15	LVRDLPQGF	INLVRDLPQGFSALE	-0.9999999999999999	39.0	39.00
HLA-DRB1*01:01	1	211	225	15	LVRDLPQGF	NLVRDLPQGFSALEP	-0.9999999999999999	39.0	39.00
HLA-DRB1*01:01	1	212	226	15	LVRDLPQGF	LVRDLPQGFSALEPL	-0.9999999999999999	39.0	39.00
HLA-DRB1*01:01	1	213	227	15	VRDLPQGFS	VRDLPQGFSALEPLV	-2.4	66.0	66.00
HLA-DRB1*01:01	1	214	228	15	FSALEPLVD	RDLPQGFSALEPLVD	-1.1999999999999997	43.0	43.00
HLA-DRB1*01:01	1	215	229	15	FSALEPLVD	DLPQGFSALEPLVDL	-1.1999999999999997	43.0	43.00
HLA-DRB1*01:01	1	216	230	15	FSALEPLVD	LPQGFSALEPLVDLP	-1.1999999999999997	43.0	43.00
HLA-DRB1*01:01	1	217	231	15	FSALEPLVD	PQGFSALEPLVDLPI	-1.1999999999999997	43.0	43.00
HLA-DRB1*01:01	1	218	232	15	FSALEPLVD	QGFSALEPLVDLPIG	-1.1999999999999997	43.0	43.00
HLA-DRB1*01:01	1	219	233	15	FSALEPLVD	GFSALEPLVDLPIGI	-1.1999999999999997	43.0	43.00
HLA-DRB1*01:01	1	220	234	15	FSALEPLVD	FSALEPLVDLPIGIN	-1.1999999999999997	43.0	43.00
HLA-DRB1*01:01	1	221	235	15	LEPLVDLPI	SALEPLVDLPIGINI	-1.4000000000000006	48.0	48.00
HLA-DRB1*01:01	1	222	236	15	LEPLVDLPI	ALEPLVDLPIGINIT	-1.4000000000000006	48.0	48.00
HLA-DRB1*01:01	1	223	237	15	LEPLVDLPI	LEPLVDLPIGINITR	-1.4000000000000006	48.0	48.00
HLA-DRB1*01:01	1	224	238	15	VDLPIGINI	EPLVDLPIGINITRF	-2.1999999999999993	61.0	61.00
HLA-DRB1*01:01	1	225	239	15	IGINITRFQ	PLVDLPIGINITRFQ	-1.67	53.0	53.00
HLA-DRB1*01:01	1	226	240	15	IGINITRFQ	LVDLPIGINITRFQT	-1.67	53.0	53.00
HLA-DRB1*01:01	1	227	241	15	INITRFQTL	VDLPIGINITRFQTL	-1.1	42.0	42.00
HLA-DRB1*01:01	1	228	242	15	INITRFQTL	DLPIGINITRFQTLL	-1.1	42.0	42.00
HLA-DRB1*01:01	1	229	243	15	INITRFQTL	LPIGINITRFQTLLA	-1.1	42.0	42.00
HLA-DRB1*01:01	1	230	244	15	INITRFQTL	PIGINITRFQTLLAL	-1.1	42.0	42.00
HLA-DRB1*01:01	1	231	245	15	INITRFQTL	IGINITRFQTLLALH	-1.1	42.0	42.00
HLA-DRB1*01:01	1	232	246	15	FQTLLALHR	GINITRFQTLLALHR	1.4	5.7	5.70
HLA-DRB1*01:01	1	233	247	15	FQTLLALHR	INITRFQTLLALHRS	1.4	5.7	5.70
HLA-DRB1*01:01	1	234	248	15	FQTLLALHR	NITRFQTLLALHRSY	1.4	5.7	5.70
HLA-DRB1*01:01	1	235	249	15	FQTLLALHR	ITRFQTLLALHRSYL	1.4	5.7	5.70
HLA-DRB1*01:01	1	236	250	15	FQTLLALHR	TRFQTLLALHRSYLT	1.4	5.7	5.70
HLA-DRB1*01:01	1	237	251	15	FQTLLALHR	RFQTLLALHRSYLTP	1.4	5.7	5.70
HLA-DRB1*01:01	1	238	252	15	FQTLLALHR	FQTLLALHRSYLTPG	1.4	5.7	5.70
HLA-DRB1*01:01	1	239	253	15	LLALHRSYL	QTLLALHRSYLTPGD	-0.6000000000000001	32.0	32.00
HLA-DRB1*01:01	1	240	254	15	LLALHRSYL	TLLALHRSYLTPGDS	-0.6000000000000001	32.0	32.00
HLA-DRB1*01:01	1	241	255	15	LLALHRSYL	LLALHRSYLTPGDSS	-0.6000000000000001	32.0	32.00
HLA-DRB1*01:01	1	242	256	15	LALHRSYLT	LALHRSYLTPGDSSS	-0.9999999999999998	39.0	39.00
HLA-DRB1*01:01	1	243	257	15	LHRSYLTPG	ALHRSYLTPGDSSSG	-2.91	73.0	73.00
HLA-DRB1*01:01	1	244	258	15	LHRSYLTPG	LHRSYLTPGDSSSGW	-2.91	73.0	73.00
HLA-DRB1*01:01	1	245	259	15	LTPGDSSSG	HRSYLTPGDSSSGWT	-3.0	74.0	74.00
HLA-DRB1*01:01	1	246	260	15	LTPGDSSSG	RSYLTPGDSSSGWTA	-3.0	74.0	74.00
HLA-DRB1*01:01	1	247	261	15	LTPGDSSSG	SYLTPGDSSSGWTAG	-3.0	74.0	74.00
HLA-DRB1*01:01	1	248	262	15	LTPGDSSSG	YLTPGDSSSGWTAGA	-3.0	74.0	74.00
HLA-DRB1*01:01	1	249	263	15	LTPGDSSSG	LTPGDSSSGWTAGAA	-3.0	74.0	74.00
HLA-DRB1*01:01	1	250	264	15	TPGDSSSGW	TPGDSSSGWTAGAAA	-12.5	100.0	100.00
HLA-DRB1*01:01	1	251	265	15	PGDSSSGWT	PGDSSSGWTAGAAAY	-12.5	100.0	100.00
HLA-DRB1*01:01	1	252	266	15	WTAGAAAYY	GDSSSGWTAGAAAYY	-1.6	52.0	52.00
HLA-DRB1*01:01	1	253	267	15	WTAGAAAYY	DSSSGWTAGAAAYYV	-1.6	52.0	52.00
HLA-DRB1*01:01	1	254	268	15	WTAGAAAYY	SSSGWTAGAAAYYVG	-1.6	52.0	52.00
HLA-DRB1*01:01	1	255	269	15	WTAGAAAYY	SSGWTAGAAAYYVGY	-1.6	52.0	52.00
HLA-DRB1*01:01	1	256	270	15	WTAGAAAYY	SGWTAGAAAYYVGYL	-1.6	52.0	52.00
HLA-DRB1*01:01	1	257	271	15	WTAGAAAYY	GWTAGAAAYYVGYLQ	-1.6	52.0	52.00
HLA-DRB1*01:01	1	258	272	15	WTAGAAAYY	WTAGAAAYYVGYLQP	-1.6	52.0	52.00
HLA-DRB1*01:01	1	259	273	15	YYVGYLQPR	TAGAAAYYVGYLQPR	-2.1	61.0	61.00
HLA-DRB1*01:01	1	260	274	15	YVGYLQPRT	AGAAAYYVGYLQPRT	-0.7299999999999998	34.0	34.00
HLA-DRB1*01:01	1	261	275	15	VGYLQPRTF	GAAAYYVGYLQPRTF	0.6900000000000003	12.0	12.00
HLA-DRB1*01:01	1	262	276	15	VGYLQPRTF	AAAYYVGYLQPRTFL	0.6900000000000003	12.0	12.00
HLA-DRB1*01:01	1	263	277	15	VGYLQPRTF	AAYYVGYLQPRTFLL	0.6900000000000003	12.0	12.00
HLA-DRB1*01:01	1	264	278	15	VGYLQPRTF	AYYVGYLQPRTFLLK	0.6900000000000003	12.0	12.00
HLA-DRB1*01:01	1	265	279	15	VGYLQPRTF	YYVGYLQPRTFLLKY	0.6900000000000003	12.0	12.00
HLA-DRB1*01:01	1	266	280	15	VGYLQPRTF	YVGYLQPRTFLLKYN	0.6900000000000003	12.0	12.00
HLA-DRB1*01:01	1	267	281	15	VGYLQPRTF	VGYLQPRTFLLKYNE	0.6900000000000003	12.0	12.00
HLA-DRB1*01:01	1	268	282	15	YLQPRTFLL	GYLQPRTFLLKYNEN	-1.2999999999999996	45.0	45.00
HLA-DRB1*01:01	1	269	283	15	YLQPRTFLL	YLQPRTFLLKYNENG	-1.2999999999999996	45.0	45.00
HLA-DRB1*01:01	1	270	284	15	FLLKYNENG	LQPRTFLLKYNENGT	-2.6000000000000005	69.0	69.00
HLA-DRB1*01:01	1	271	285	15	LKYNENGTI	QPRTFLLKYNENGTI	-0.56	31.0	31.00
HLA-DRB1*01:01	1	272	286	15	LKYNENGTI	PRTFLLKYNENGTIT	-0.56	31.0	31.00
HLA-DRB1*01:01	1	273	287	15	LKYNENGTI	RTFLLKYNENGTITD	-0.56	31.0	31.00
HLA-DRB1*01:01	1	274	288	15	LKYNENGTI	TFLLKYNENGTITDA	-0.56	31.0	31.00
HLA-DRB1*01:01	1	275	289	15	LKYNENGTI	FLLKYNENGTITDAV	-0.56	31.0	31.00
HLA-DRB1*01:01	1	276	290	15	LKYNENGTI	LLKYNENGTITDAVD	-0.56	31.0	31.00
HLA-DRB1*01:01	1	277	291	15	LKYNENGTI	LKYNENGTITDAVDC	-0.56	31.0	31.00
HLA-DRB1*01:01	1	278	292	15	YNENGTITD	KYNENGTITDAVDCA	-2.86	72.0	72.00
HLA-DRB1*01:01	1	279	293	15	YNENGTITD	YNENGTITDAVDCAL	-2.86	72.0	72.00
HLA-DRB1*01:01	1	280	294	15	ITDAVDCAL	NENGTITDAVDCALD	-4.5	88.0	88.00
HLA-DRB1*01:01	1	281	295	15	ITDAVDCAL	ENGTITDAVDCALDP	-4.5	88.0	88.00
HLA-DRB1*01:01	1	282	296	15	ITDAVDCAL	NGTITDAVDCALDPL	-4.5	88.0	88.00
HLA-DRB1*01:01	1	283	297	15	ITDAVDCAL	GTITDAVDCALDPLS	-4.5	88.0	88.00
HLA-DRB1*01:01	1	284	298	15	ITDAVDCAL	TITDAVDCALDPLSE	-4.5	88.0	88.00
HLA-DRB1*01:01	1	285	299	15	ITDAVDCAL	ITDAVDCALDPLSET	-4.5	88.0	88.00
HLA-DRB1*01:01	1	286	300	15	VDCALDPLS	TDAVDCALDPLSETK	-5.2299999999999995	91.0	91.00
HLA-DRB1*01:01	1	287	301	15	LDPLSETKC	DAVDCALDPLSETKC	-3.4099999999999997	79.0	79.00
HLA-DRB1*01:01	1	288	302	15	LDPLSETKC	AVDCALDPLSETKCT	-3.4099999999999997	79.0	79.00
HLA-DRB1*01:01	1	289	303	15	LDPLSETKC	VDCALDPLSETKCTL	-3.4099999999999997	79.0	79.00
HLA-DRB1*01:01	1	290	304	15	LDPLSETKC	DCALDPLSETKCTLK	-3.4099999999999997	79.0	79.00
HLA-DRB1*01:01	1	291	305	15	LDPLSETKC	CALDPLSETKCTLKS	-3.4099999999999997	79.0	79.00
HLA-DRB1*01:01	1	292	306	15	LDPLSETKC	ALDPLSETKCTLKSF	-3.4099999999999997	79.0	79.00
HLA-DRB1*01:01	1	293	307	15	LDPLSETKC	LDPLSETKCTLKSFT	-3.4099999999999997	79.0	79.00
HLA-DRB1*01:01	1	294	308	15	LSETKCTLK	DPLSETKCTLKSFTV	-5.11	91.0	91.00
HLA-DRB1*01:01	1	295	309	15	LSETKCTLK	PLSETKCTLKSFTVE	-5.11	91.0	91.00
HLA-DRB1*01:01	1	296	310	15	LSETKCTLK	LSETKCTLKSFTVEK	-5.11	91.0	91.00
HLA-DRB1*01:01	1	297	311	15	LKSFTVEKG	SETKCTLKSFTVEKG	-2.12	61.0	61.00
HLA-DRB1*01:01	1	298	312	15	LKSFTVEKG	ETKCTLKSFTVEKGI	-2.12	61.0	61.00
HLA-DRB1*01:01	1	299	313	15	LKSFTVEKG	TKCTLKSFTVEKGIY	-2.12	61.0	61.00
HLA-DRB1*01:01	1	300	314	15	FTVEKGIYQ	KCTLKSFTVEKGIYQ	-1.2000000000000002	44.0	44.00
HLA-DRB1*01:01	1	301	315	15	FTVEKGIYQ	CTLKSFTVEKGIYQT	-1.2000000000000002	44.0	44.00
HLA-DRB1*01:01	1	302	316	15	FTVEKGIYQ	TLKSFTVEKGIYQTS	-1.2000000000000002	44.0	44.00
HLA-DRB1*01:01	1	303	317	15	FTVEKGIYQ	LKSFTVEKGIYQTSN	-1.2000000000000002	44.0	44.00
HLA-DRB1*01:01	1	304	318	15	FTVEKGIYQ	KSFTVEKGIYQTSNF	-1.2000000000000002	44.0	44.00
HLA-DRB1*01:01	1	305	319	15	FTVEKGIYQ	SFTVEKGIYQTSNFR	-1.2000000000000002	44.0	44.00
HLA-DRB1*01:01	1	306	320	15	FTVEKGIYQ	FTVEKGIYQTSNFRV	-1.2000000000000002	44.0	44.00
HLA-DRB1*01:01	1	307	321	15	IYQTSNFRV	TVEKGIYQTSNFRVQ	-1.6	52.0	52.00
HLA-DRB1*01:01	1	308	322	15	IYQTSNFRV	VEKGIYQTSNFRVQP	-1.6	52.0	52.00
HLA-DRB1*01:01	1	309	323	15	IYQTSNFRV	EKGIYQTSNFRVQPT	-1.6	52.0	52.00
HLA-DRB1*01:01	1	310	324	15	IYQTSNFRV	KGIYQTSNFRVQPTE	-1.6	52.0	52.00
HLA-DRB1*01:01	1	311	325	15	IYQTSNFRV	GIYQTSNFRVQPTES	-1.6	52.0	52.00
HLA-DRB1*01:01	1	312	326	15	FRVQPTESI	IYQTSNFRVQPTESI	1.7000000000000004	3.5	3.50
HLA-DRB1*01:01	1	313	327	15	FRVQPTESI	YQTSNFRVQPTESIV	1.7000000000000004	3.5	3.50
HLA-DRB1*01:01	1	314	328	15	FRVQPTESI	QTSNFRVQPTESIVR	1.7000000000000004	3.5	3.50
HLA-DRB1*01:01	1	315	329	15	FRVQPTESI	TSNFRVQPTESIVRF	1.7000000000000004	3.5	3.50
HLA-DRB1*01:01	1	316	330	15	FRVQPTESI	SNFRVQPTESIVRFP	1.7000000000000004	3.5	3.50
HLA-DRB1*01:01	1	317	331	15	FRVQPTESI	NFRVQPTESIVRFPN	1.7000000000000004	3.5	3.50
HLA-DRB1*01:01	1	318	332	15	FRVQPTESI	FRVQPTESIVRFPNI	1.7000000000000004	3.5	3.50
HLA-DRB1*01:01	1	319	333	15	VQPTESIVR	RVQPTESIVRFPNIT	-1.5	50.0	50.00
HLA-DRB1*01:01	1	320	334	15	IVRFPNITN	VQPTESIVRFPNITN	0.17999999999999994	19.0	19.00
HLA-DRB1*01:01	1	321	335	15	IVRFPNITN	QPTESIVRFPNITNL	0.17999999999999994	19.0	19.00
HLA-DRB1*01:01	1	322	336	15	IVRFPNITN	PTESIVRFPNITNLC	0.17999999999999994	19.0	19.00
HLA-DRB1*01:01	1	323	337	15	IVRFPNITN	TESIVRFPNITNLCP	0.17999999999999994	19.0	19.00
HLA-DRB1*01:01	1	324	338	15	IVRFPNITN	ESIVRFPNITNLCPF	0.17999999999999994	19.0	19.00
HLA-DRB1*01:01	1	325	339	15	IVRFPNITN	SIVRFPNITNLCPFG	0.17999999999999994	19.0	19.00
HLA-DRB1*01:01	1	326	340	15	IVRFPNITN	IVRFPNITNLCPFGE	0.17999999999999994	19.0	19.00
HLA-DRB1*01:01	1	327	341	15	VRFPNITNL	VRFPNITNLCPFGEV	-1.2099999999999997	44.0	44.00
HLA-DRB1*01:01	1	328	342	15	ITNLCPFGE	RFPNITNLCPFGEVF	-1.4	47.0	47.00
HLA-DRB1*01:01	1	329	343	15	ITNLCPFGE	FPNITNLCPFGEVFN	-1.4	47.0	47.00
HLA-DRB1*01:01	1	330	344	15	ITNLCPFGE	PNITNLCPFGEVFNA	-1.4	47.0	47.00
HLA-DRB1*01:01	1	331	345	15	ITNLCPFGE	NITNLCPFGEVFNAT	-1.4	47.0	47.00
HLA-DRB1*01:01	1	332	346	15	ITNLCPFGE	ITNLCPFGEVFNATR	-1.4	47.0	47.00
HLA-DRB1*01:01	1	333	347	15	FGEVFNATR	TNLCPFGEVFNATRF	-2.85	72.0	72.00
HLA-DRB1*01:01	1	334	348	15	FGEVFNATR	NLCPFGEVFNATRFA	-2.85	72.0	72.00
HLA-DRB1*01:01	1	335	349	15	VFNATRFAS	LCPFGEVFNATRFAS	-1.5	50.0	50.00
HLA-DRB1*01:01	1	336	350	15	VFNATRFAS	CPFGEVFNATRFASV	-1.5	50.0	50.00
